Event Title,Event Date,City,Region,Distances,Difficulty,Registration Link,Kind Of Sports,Source
Новогодний забег в Томске,2024-01-01,Томск,Томская,2024 м,ultra,https://tomskmarathon.ru/newyear2024/#new_tab,Running,https://marathonec.ru/
Новогодний Тушинский Подъём,2024-01-01,Москва,Москва,"10 км, 21 км",medium,https://tushino21.com/newyear/#new_tab,Running,https://marathonec.ru/
Забег обещаний,2024-01-01,Вся Россия,,2024 м,ultra,https://marathonec.ru/zabeg-obeschany/,Running,https://marathonec.ru/
Трейл «Шёпот тайги»,2024-01-04,Железногорск,Красноярский,"10 км, 25 км, 7 км",long,https://marathonec.ru/trail-shepot-taigi/,Running,https://marathonec.ru/
Рождественский полумарафон,2024-01-07,Омск,Омская,"10 км, 21 км, 5 км",medium,https://marathonec.ru/rozhdestvensky-polumarafon/,Running,https://marathonec.ru/
Lake Ice Race,2024-01-21,Миасс,Челябинская,"10 км, 20 км",medium,https://marathonec.ru/lake-ice-race/,Running,https://marathonec.ru/
Пробег «Пулково-Пушкин»,2024-01-21,Санкт-Петербург,Санкт-Петербург,"10 км, 21 км, 5 км",medium,https://pushkin-run.ru#new_tab,Running,https://marathonec.ru/
Белый трейл,2024-01-27,Барангол,Алтай,"12 км, 21 км, 36 км",long,https://marathonec.ru/bely-trail/,Running,https://marathonec.ru/
Международный зимний марафон «Дорога жизни»,2024-01-28,Санкт-Петербург,Санкт-Петербург,"42 км, 5 км",long,https://marathonec.ru/doroga-zhizni/,Running,https://marathonec.ru/
Марафон имени В.А. Дутова,2024-02-17,Екатеринбург,Свердловская,"42 км, 5 км",long,https://marathonec.ru/marafon-dutova/,Running,https://marathonec.ru/
Зимний Павловский забег,2024-02-18,Павловск,Санкт-Петербург,"10 км, 21 км, 5 км",medium,https://marathonec.ru/zimny-pavlovsky-zabeg/,Running,https://marathonec.ru/
Nikola-Lenivets Winter Wild Trail,2024-02-18,Никола-Ленивец,Калужская,"11 км, 21 км, 33 км, 50 км",ultra,https://marathonec.ru/nikola-lenivets-winter-wild-trail/,Running,https://marathonec.ru/
Офицерский марафон,2024-02-23,Ростов-на-Дону,Ростовская,42 км,long,https://marathonec.ru/oficerskij-marafon/,Running,https://marathonec.ru/
Эстафета поколений,2024-02-24,Лермонтов,Ставропольский,"14 км, 2 км, 4 км, 7 км",medium,https://russiarunning.com/event/ESTAFETAPOKOLENIY2024/#new_tab,Running,https://marathonec.ru/
Krasnoyarsk Winter Trail Fest,2024-02-24,Красноярск,Красноярский,"100 км, 21 км, 46 км, 5 км",ultra,https://marathonec.ru/krasnoyarsk-winter-trail-fest/,Running,https://marathonec.ru/
Winter Altai Ultra-Trail (AUT),2024-03-01,Тюнгур,Алтай,65 км,ultra,https://marathonec.ru/winter-altai-ultra-trail-aut/,Running,https://marathonec.ru/
Baikal Ice Trail,2024-03-02,Иркутск,Иркутская,"10 км, 22 км",medium,https://marathonec.ru/baikal-ice-trail/,Running,https://marathonec.ru/
Onego Ice Ultra,2024-03-03,Ялгора,,"10 км, 20 км, 5 км, 50 км",ultra,https://marathonec.ru/onego-ice-ultra/,Running,https://marathonec.ru/
Зимний горный трейл «Аврора»,2024-03-23,Кандалакша,Мурманская,"13 км, 30 км, 42 км",long,https://marathonec.ru/gorniy-aurora-trail/,Running,https://marathonec.ru/
Десятка PushkinRun,2024-03-24,Санкт-Петербург,Санкт-Петербург,10 км,light,https://pushkin-run.ru#new_tab,Running,https://marathonec.ru/
DAB Mix Mountain Race,2024-03-24,Москва,Москва,,Unknown,https://dab-running.ru#new_tab,Running,https://marathonec.ru/
Ночной забег в Красноярске,2024-03-30,Красноярск,Красноярский,"2 км, 5 км",light,https://marathonec.ru/nochnoj-zabeg-v-krasnoyarske/,Running,https://marathonec.ru/
Фестиваль трейлраннинга «Бештаугорский Крест»,2024-04-06,Пятигорск,Ставропольский,"14 км, 16 км, 8 км",medium,https://marathonec.ru/trail-beshtaugorsky-krest/,Running,https://marathonec.ru/
Забег «Апрель»,2024-04-07,Москва,Москва,5 км,light,https://marathonec.ru/zabeg-aprel/,Running,https://marathonec.ru/
Весенний кросс «Быстрый пёс»,2024-04-13,Москва,Москва,2 км,light,https://marathonec.ru/kross-bystry-pes/,Running,https://marathonec.ru/
Космический марафон в Томске,2024-04-14,Томск,Томская,"10 км, 21 км, 3 км, 42 км",long,https://marathonec.ru/kosmichesky-marafon-tomsk/,Running,https://marathonec.ru/
Арена Полумарафон,2024-04-14,Санкт-Петербург,Санкт-Петербург,"10 км, 21 км, 5 км",medium,https://marathonec.ru/arena-polumarafon/,Running,https://marathonec.ru/
Весенний кросс «Лисья гора»,2024-04-14,Москва,Москва,"2 км, 4 км, 6 км, 8 км",light,https://marathonec.ru/kross-lisiya-gora/,Running,https://marathonec.ru/
Dagestan Wild Trail,2024-04-20,Махачкала,Дагестан,"120 км, 15 км, 35 км, 65 км",ultra,https://marathonec.ru/dagestan-wild-trail/,Running,https://marathonec.ru/
Псковский марафон,2024-04-21,Псков,Псковская,"1 км, 10 км, 21 км, 42 км, 5 км",long,https://marathonec.ru/pskovskiy-marathon/,Running,https://marathonec.ru/
Московский полумарафон 2024,2024-04-29,Москва,Москва,"21 км, 5 км",medium,https://marathonec.ru/moskovsky-polumarafon-gid/,Running,https://marathonec.ru/
Полумарафон «Мстинские пороги»,2024-05-02,Боровичи,Новгородская,"10 км, 21 км, 3 км, 5 км",medium,https://reg.o-time.ru/start/22149#new_tab,Running,https://marathonec.ru/
Забег «Пантеон»,2024-05-05,Крымгиреевское,Ставропольский,"10 км, 2 км, 21 км, 5 км",medium,https://russiarunning.com/event/RaceonDeerFarmPanteon/#new_tab,Running,https://marathonec.ru/
Казанский марафон,2024-05-12,Казань,Татарстан,"10 км, 21 км, 3 км, 42 км",long,https://marathonec.ru/kazan-marathon-gid/,Running,https://marathonec.ru/
O-Trail «Стрижамент ВЭС»,2024-05-12,Невинномысск,Ставропольский,"10 км, 20 км, 5 км, 50 км",ultra,https://russiarunning.com/event/OTRAILSTRIZhAMENTVES/#new_tab,Running,https://marathonec.ru/
Caucasus Backyard Ultra,2024-05-18,Владикавказ,Северная Осетия - Алания,"160 км, 20 км, 40 км, 6 км",ultra,https://russiarunning.com/event/backyard2024/#new_tab,Running,https://marathonec.ru/
"Благотворительный полумарафон «Беги, герой!»",2024-05-19,Нижний Новгород,Нижегородская,"10 км, 21 км, 5 км",medium,https://www.runhero.ru/#new_tab,Running,https://marathonec.ru/
O-Trail Марафон Алания,2024-05-19,Кобан,Северная Осетия - Алания,"10 км, 21 км, 42 км, 5 км",long,https://russiarunning.com/event/OTRAILMARAFONALANIYa/#new_tab,Running,https://marathonec.ru/
Майский трейл,2024-05-25,Белокуриха,Алтайский,"17 км, 33 км, 50 км, 8 км",ultra,https://marathonec.ru/maiskiy-trail/,Running,https://marathonec.ru/
Alol Ultra Extreme,2024-05-25,Алоль,Псковская,"10 км, 100 км, 20 км, 3 км, 42 км, 5 км",ultra,https://edge-ultra.ru#new_tab,Running,https://marathonec.ru/
Yalgora Vertical,2024-05-25,Ялгора,,"1 км, 3 км, 5 км",light,https://reg.o-time.ru/start/24032#new_tab,Running,https://marathonec.ru/
Sport-Marafon Fest,2024-06-07,Никола-Ленивец,Калужская,"10 км, 100 км, 17 км, 32 км, 47 км, 60 км",ultra,https://marathonec.ru/sport-marafon-fest/,Running,https://marathonec.ru/
Байкальский марафон,2024-06-09,Иркутск,Иркутская,"10 км, 21 км, 42 км",long,http://baikalmarathons.ru#new_tab,Running,https://marathonec.ru/
Красочный забег,2024-06-09,Москва,Москва,5 км,light,https://marathonec.ru/krasochny-zabeg/,Running,https://marathonec.ru/
Ультрамарафон Crazy Owl 50,2024-06-15,Воронеж,Воронежская,"20 км, 50 км",ultra,https://marathonec.ru/crazy-owl/,Running,https://marathonec.ru/
Ptz Backyard Ultra,2024-06-15,Петрозаводск,Карелия,,Unknown,https://reg.o-time.ru/start/24007#new_tab,Running,https://marathonec.ru/
Экиден PushkinRun,2024-06-16,Санкт-Петербург,Санкт-Петербург,42 км,long,https://pushkin-run.ru#new_tab,Running,https://marathonec.ru/
O-Trail Дигория,2024-06-16,Стур-Дигора,Северная Осетия - Алания,"22 км, 35 км, 60 км, 9 км",ultra,https://marathonec.ru/o-trail-digoriya/,Running,https://marathonec.ru/
RUTS Нижний Новгород,2024-06-16,Нижний Новгород,Нижегородская,"10 км, 5 км",light,https://ruts.run#new_tab,Running,https://marathonec.ru/
Красочный забег в Красноярске,2024-06-22,Красноярск,Красноярский,"2 км, 5 км",light,https://marathonec.ru/krasochnyj-zabeg-v-krasnoyarske/,Running,https://marathonec.ru/
Балтийский трейл «Белые ночи»,2024-06-22,Сестрорецк,Санкт-Петербург,"1 км, 10 км, 21 км, 5 км",medium,https://marathonec.ru/baltijskij-trejl-belye-nochi/,Running,https://marathonec.ru/
Международный марафон «Алые паруса»,2024-06-23,Санкт-Петербург,Санкт-Петербург,"10 км, 21 км, 42 км, 5 км, 63 км",ultra,https://russiarunning.com/event/SCARLETSAILS2024/#new_tab,Running,https://marathonec.ru/
Altai Ultra-Trail (AUT),2024-06-28,Тюнгур,Алтай,"110 км, 23 км, 43 км, 70 км, 8 км",ultra,https://marathonec.ru/altai-ultra-trail/,Running,https://marathonec.ru/
Марафон «Белые ночи»,2024-06-29,Санкт-Петербург,Санкт-Петербург,"10 км, 42 км",long,https://marathonec.ru/marafon-belye-nochi/,Running,https://marathonec.ru/
Arkhyz Wild Trail,2024-06-29,Архыз,Карачаево-Черкесская,"14 км, 18 км, 33 км, 35 км, 48 км, 52 км",ultra,https://marathonec.ru/arkhyz-wild-trail/,Running,https://marathonec.ru/
Фестиваль бега «Кудыкина Гора Trail»,2024-07-06,Задонск,Липецкая,"10 км, 15 км, 33 км, 5 км, 50 км",ultra,https://marathonec.ru/trail-kudykina-gora/,Running,https://marathonec.ru/
Трейл Хибины,2024-07-06,Кировск,Мурманская,"100 км, 17 км, 42 км, 5 км, 65 км",ultra,https://marathonec.ru/trail-khibiny/,Running,https://marathonec.ru/
Забег «Женская семёрка»,2024-07-07,Красноярск,Красноярский,"2 км, 7 км",light,https://marathonec.ru/zabeg-zhenskaya-semerka/,Running,https://marathonec.ru/
Ночной забег в Москве,2024-07-13,Москва,Москва,10 км,light,https://marathonec.ru/nochnoy-zabeg-moskva/,Running,https://marathonec.ru/
Уфимский лесной марафон,2024-07-14,Уфа,Башкортостан,"10 км, 21 км, 42 км",long,https://russiarunning.com/event/UFIMSKIYLESNOYMARAFON2024/#new_tab,Running,https://marathonec.ru/
Karelia Swamp Ultra,2024-07-14,Петрозаводск,Карелия,"10 км, 20 км, 50 км",ultra,https://marathonec.ru/karelia-swamp-ultra/,Running,https://marathonec.ru/
Golden Ring Ultra-Trail,2024-07-19,Суздаль,Владимирская,"10 км, 100 км, 20 км, 3 км, 30 км, 5 км, 50 км, 80 км",ultra,https://marathonec.ru/golden-ring-ultra-trail/,Running,https://marathonec.ru/
Manul Trail,2024-07-20,Кош-Агач,Алтай,"13 км, 27 км, 45 км",ultra,https://russiarunning.com/event/MANULTRAIL2024?search_ce=1#new_tab,Running,https://marathonec.ru/
Gesh Run Fest,2024-07-27,Шерегеш,Кемеровская область - Кузбасс,"18 км, 29 км, 53 км, 7 км",ultra,https://marathonec.ru/gesh-run-fest/,Running,https://marathonec.ru/
Ночной забег в столице закатов,2024-07-27,Нижний Новгород,Нижегородская,"10 км, 2 км, 5 км",light,https://nightrunning.ru#new_tab,Running,https://marathonec.ru/
BUTMAN (Biotropika Ultra Trail),2024-07-27,Коробицыно,Ленинградская,,Unknown,https://marathonec.ru/butman-biotropika-ultra-trail/,Running,https://marathonec.ru/
Ultra 100,2024-08-03,Волжский,Москва,"1 км, 10 км, 30 км, 51 км, 6 км",ultra,https://marathonec.ru/fest-ultra100/,Running,https://marathonec.ru/
СПб полумарафон «Северная cтолица» 2024,2024-08-04,Санкт-Петербург,Санкт-Петербург,"10 км, 21 км",medium,https://marathonec.ru/spb-polumarafon-severnaya-stolica-gid/,Running,https://marathonec.ru/
Malidak Ultra,2024-08-09,Белорецк,Башкортостан,"101 км, 12 км, 13 км, 21 км, 25 км, 40 км, 5 км, 78 км",ultra,https://marathonec.ru/malidak-ultra/,Running,https://marathonec.ru/
Ультрамарафон «Пещерные города»,2024-08-10,Бахчисарай,Крым,"100 км, 15 км, 2 км, 28 км, 55 км, 6 км, 80 км",ultra,https://orgeo.ru/event/29746#new_tab,Running,https://marathonec.ru/
Полумарафон «Лужники» 2024,2024-08-18,Москва,Москва,21 км,medium,https://marathonec.ru/polumarafon-luzhniki-gid/,Running,https://marathonec.ru/
Риеккалансаари трейл,2024-08-23,Риеккалансаари,Карелия,"12 км, 25 км, 35 км, 55 км, 7 км, 80 км",ultra,https://marathonec.ru/riekkalansaari-trail/,Running,https://marathonec.ru/
Ночной забег PushkinRun,2024-08-24,Санкт-Петербург,Санкт-Петербург,"10 км, 5 км",light,https://pushkin-run.ru#new_tab,Running,https://marathonec.ru/
Красмарафон «Жара»,2024-08-25,Красноярск,Красноярский,"10 км, 2 км, 21 км, 5 км",medium,https://marathonec.ru/krasmarafon-zhara/,Running,https://marathonec.ru/
Fury Trail,2024-08-25,Ангарск,Иркутская,"12 км, 22 км",medium,http://angtrl.tilda.ws/fury#new_tab,Running,https://marathonec.ru/
Экиден PushkinRun Москва,2024-08-25,Москва,Москва,42 км,long,https://pushkin-run.ru#new_tab,Running,https://marathonec.ru/
Благотворительный забег «Спорт во благо»,2024-08-31,Нижний Новгород,Нижегородская,"1 км, 3 км",light,https://vk.com/sportvoblagonn#new_tab,Running,https://marathonec.ru/
Vottovaara Mountain Race,2024-09-07,Гимолы,Карелия,"100 миль, 14 км, 50 миль, 55 км",ultra,https://marathonec.ru/vottovaara-mountain-race/,Running,https://marathonec.ru/
Большая Катунская тропа,2024-09-09,Тюнгур,Алтай,215 км,ultra,https://altai-trail.ru#new_tab,Running,https://marathonec.ru/
Пробег «Пушкин – Санкт-Петербург» 2024,2024-09-15,Санкт-Петербург,Санкт-Петербург,"10 км, 30 км, 42 км, 5 км",long,https://marathonec.ru/pushkin-peterburg-gid/,Running,https://marathonec.ru/
Марафон «Джейрах»,2024-09-21,Армхи,Ингушетия,"21 км, 4 км, 42 км, 8 км",long,https://marathonec.ru/marathon-dzheirah/,Running,https://marathonec.ru/
Горный ультрамарафон White Bride Ultra,2024-09-28,Геленджик,Краснодарский,"120 км, 15 км, 3 км, 30 км, 50 км, 70 км",ultra,https://marathonec.ru/white-bride-ultra/,Running,https://marathonec.ru/
Осенний кросс «Быстрый пёс»,2024-09-28,Москва,Москва,2 км,light,https://marathonec.ru/kross-bystry-pes-osen/,Running,https://marathonec.ru/
X Trail Красмарафон,2024-09-29,Красноярск,Красноярский,"10 км, 2 км",light,https://marathonec.ru/x-trail-krasnoyarsk/,Running,https://marathonec.ru/
"Международный Балтийский марафон «Вера, Надежда, Любовь»",2024-09-29,Санкт-Петербург,Санкт-Петербург,"10 км, 21 км, 42 км, 5 км, 63 км",ultra,https://russiarunning.com/event/BalticOrden2024/#new_tab,Running,https://marathonec.ru/
Осенний кросс «Лисья гора»,2024-09-29,Москва,Москва,"2 км, 4 км, 6 км, 8 км",light,https://marathonec.ru/kross-lisya-gora-osen/,Running,https://marathonec.ru/
Октобертрейл,2024-10-06,Новосибирск,Новосибирская,"10 км, 21 км",medium,https://marathonec.ru/october-trail/,Running,https://marathonec.ru/
Сайлык трейл,2024-10-06,Железногорск,Красноярский,"18 км, 31 км, 6 км",long,https://strail.ru#new_tab,Running,https://marathonec.ru/
Осенний Павловский забег,2024-10-06,Санкт-Петербург,Санкт-Петербург,"10 км, 21 км, 3 км",medium,https://marathonec.ru/osennij-pavlovskij-zabeg/,Running,https://marathonec.ru/
Фестиваль бега Rosa Run,2024-10-10,Сочи,Краснодарский,"2 км, 26 км, 7 км, 8 км",long,https://marathonec.ru/rosa-run-festival-bega/,Running,https://marathonec.ru/
Сормовский осенний пробег имени Г. П. Терентьева,2024-10-13,Нижний Новгород,Нижегородская,"10 км, 20 км, 5 км",medium,https://vk.com/sormovobeg#new_tab,Running,https://marathonec.ru/
Московский марафон 2024,2024-10-13,Москва,Москва,"10 км, 42 км",long,https://marathonec.ru/moscow-marathon/,Running,https://marathonec.ru/
O-Trail Ferrum,2024-10-20,Железноводск,Ставропольский,"13 км, 26 км, 3 км, 40 км, 9 км",long,https://marathonec.ru/o-trail-ferrum/,Running,https://marathonec.ru/
Крылатский трейл,2024-10-27,Москва,Москва,"4 км, 8 км",light,https://marathonec.ru/krylatsky-trail/,Running,https://marathonec.ru/
INDOOR,2023-12-24,Москва,Москва,10 мин - 30 мин - 20 мин,-,https://iron-star.com/event/ironstar-xfit-indoor-cup-moscow-2023-II-etap/,Triathlon,https://iron-star.com/
INDOOR,2024-01-21,Москва,Москва,10 мин - 30 мин - 20 мин,-,https://iron-star.com/event/ironstar-xfit-indoor-cup-moscow-2024-III-etap/,Triathlon,https://iron-star.com/
INDOOR,2024-02-18,Москва,Москва,10 мин - 30 мин - 20 мин,-,https://iron-star.com/event/ironstar-xfit-indoor-cup-moscow-2024-IV-etap/,Triathlon,https://iron-star.com/
INDOOR,2024-03-24,Москва,Москва,10 мин - 30 мин - 20 мин,-,https://iron-star.com/event/ironstar-xfit-indoor-cup-moscow-2024-V-etap/,Triathlon,https://iron-star.com/
IRONSTAR 1/4,2024-05-25,Анапа,Краснодарский,1 км - 45 км - 10 км,-,https://iron-star.com/event/ironstar-1-4-anapa-2024/,Triathlon,https://iron-star.com/
IRONSTAR 1/8,2024-05-25,Анапа,Краснодарский,"0,50 км - 22 км - 5 км",-,https://iron-star.com/event/ironstar-1-8-anapa-2024/,Triathlon,https://iron-star.com/
IRONSTAR SUPERMIX,2024-05-25,Анапа,Краснодарский,"1,50 км - 67 км - 15 км",-,https://iron-star.com/event/ironstar-supermix-anapa-2024/,Triathlon,https://iron-star.com/
IRONSTAR 113,2024-06-15,Тюмень,Тюменская,"1,93 км - 90 км - 21,10 км",-,https://iron-star.com/event/ironstar-113-new-star-2024/,Triathlon,https://iron-star.com/
OLYMPIC,2024-06-15,Тюмень,Тюменская,"1,50 км - 40 км - 10 км",-,https://iron-star.com/event/ironstar-olympic-new-star-2024/,Triathlon,https://iron-star.com/
IRONSTAR 1/8,2024-06-30,Завидово,Рязанская,"0,50 км - 22 км - 5 км",-,https://iron-star.com/event/ironstar-1-8-zavidovo-2024/,Triathlon,https://iron-star.com/
IRONSTAR SUPERMIX,2024-06-30,Завидово,Рязанская,"1,50 км - 67 км - 15 км",-,https://iron-star.com/event/ironstar-supermix-zavidovo-2024/,Triathlon,https://iron-star.com/
IRONSTAR 1/4,2024-06-30,Завидово,Рязанская,1 км - 45 км - 10 км,-,https://iron-star.com/event/ironstar-1-4-zavidovo-2024/,Triathlon,https://iron-star.com/
IRONSTAR 113,2024-07-14,Екатеринбург,Свердловская,"1,93 км - 90 км - 21,10 км",-,https://iron-star.com/event/ironstar-113-ekaterinburg-2024/,Triathlon,https://iron-star.com/
SPRINT,2024-07-14,Екатеринбург,Свердловская,"0,75 км - 20 км - 5 км",-,https://iron-star.com/event/ironstar-sprint-ekaterinburg-2024/,Triathlon,https://iron-star.com/
IRONSTAR 113,2024-08-03,Нижний Новгород,Нижегородская,"1,93 км - 90 км - 21,10 км",-,https://iron-star.com/event/ironstar-113-nizhny-novgorod-2024/,Triathlon,https://iron-star.com/
OLYMPIC,2024-08-03,Нижний Новгород,Нижегородская,"1,50 км - 40 км - 10 км",-,https://iron-star.com/event/ironstar-olympic-nizhny-novgorod-2024/,Triathlon,https://iron-star.com/
IRONSTAR 113,2024-10-05,Сириус (Сочи),Краснодарский,"1,93 км - 90 км - 21,10 км",-,https://iron-star.com/event/ironstar-113-sirius-sochi-2024/,Triathlon,https://iron-star.com/
IRONSTAR 226,2024-10-05,Сириус (Сочи),Краснодарский,"3,86 км - 180 км - 42,20 км",-,https://iron-star.com/event/ironstar-226-sirius-sochi-2024/,Triathlon,https://iron-star.com/
OLYMPIC,2024-10-06,Сириус (Сочи),Краснодарский,"1,50 км - 40 км - 10 км",-,https://iron-star.com/event/ironstar-olympic-sirius-sochi-2024/,Triathlon,https://iron-star.com/
SPRINT,2024-10-06,Сириус (Сочи),Краснодарский,"0,75 км - 20 км - 5 км",-,https://iron-star.com/event/ironstar-sprint-sirius-sochi-2024/,Triathlon,https://iron-star.com/
KAZAN TRIATHLON 2024,2024-08-10,КАЗАНЬ,-,300 m - 600 m - 1 км,-,https://timerman.org/events/478?tabOutter=about,Triathlon,https://timerman.org/events
SWIMSTAR MILE,2024-06-16,Тюмень,-,"1,85 км",-,https://iron-star.com/event/swimstar-one-mile-new-star-2024/,Swimming,https://iron-star.com/
SWIMSTAR DBLMILE,2024-06-29,Завидово,-,"3,70 км",-,https://iron-star.com/event/swimstar-double-mile-zavidovo-2024/,Swimming,https://iron-star.com/
SWIMSTAR MILE,2024-06-29,Завидово,-,"1,85 км",-,https://iron-star.com/event/swimstar-one-mile-zavidovo-2024/,Swimming,https://iron-star.com/
SWIMSTAR DBLMILE,2024-07-13,Екатеринбург,-,"3,70 км",-,https://iron-star.com/event/swimstar-double-mile-ekaterinburg-2024/,Swimming,https://iron-star.com/
SWIMSTAR MILE,2024-07-13,Екатеринбург,-,"1,85 км",-,https://iron-star.com/event/swimstar-one-mile-ekaterinburg-2024/,Swimming,https://iron-star.com/
SWIMSTAR DBLMILE,2024-08-04,Нижний Новгород,-,"3,70 км",-,https://iron-star.com/event/swimstar-double-mile-nizhny-novgorod-2024/,Swimming,https://iron-star.com/
SWIMSTAR MILE,2024-08-04,Нижний Новгород,-,"1,85 км",-,https://iron-star.com/event/swimstar-one-mile-nizhny-novgorod-2024/,Swimming,https://iron-star.com/
SWIMSTAR MILE,2024-10-04,Сириус (Сочи),-,"1,85 км",-,https://iron-star.com/event/swimstar-one-mile-sirius-sochi-2024/,Swimming,https://iron-star.com/
SWIMSTAR DBLMILE,2024-10-04,Сириус (Сочи),-,"3,70 км",-,https://iron-star.com/event/swimstar-double-mile-sirius-sochi-2024/,Swimming,https://iron-star.com/
Sprint Декабрь 2023,2023-12-24,Раменское,-,50 и 100 все стили,-,https://reg.place/events/sprint-dekabr-2024,Swimming,https://swimcup.ru/
Indoor Москва Январь,2023-01-14,SportStation,-,"1000м, 500м, 300м",-,https://reg.place/events/indoor-yanvar-2024,Swimming,https://swimcup.ru/
Sprint Январь 2024,2024-01-28,Раменское,-,50 и 100 все стили,-,https://reg.place/events/sprint-yanvar-2024,Swimming,https://swimcup.ru/
Minutes Москва Февраль,2024-02-11,Лужники,-,"60 мин, 30 мин, 15 мин, 10 мин",-,https://reg.place/events/minutes-fev24,Swimming,https://swimcup.ru/
Sprint Февраль 2024,2024-02-25,Раменское,-,50 и 100 все стили,-,https://reg.place/events/sprint-fevral-2024,Swimming,https://swimcup.ru/
Minutes Санкт-Петербург 2024,2024-03-09,СКА,-,"15 мин, 30 мин, 60 мин, 10 мин",-,https://reg.place/events/minutes-spb-2024,Swimming,https://swimcup.ru/
Indoor Санкт-Петербург 2024,2024-03-10,СКА,-,"1000м, 500м",-,https://reg.place/events/indoor-spb-2024,Swimming,https://swimcup.ru/
Indoor Москва Март,2024-03-17,SportStation,-,"3000, 1000м, 500м, 300м",-,https://reg.place/events/indoor-mart-2024,Swimming,https://swimcup.ru/
Sprint Март 2024,2024-03-31,Раменское,-,50 и 100 все стили,-,https://reg.place/events/sprint-mart-2024,Swimming,https://swimcup.ru/
Minutes Москва Апрель,2024-04-14,Лужники,-,"60 мин, 30 мин, 15 мин, 10 мин",-,https://reg.place/events/minutes-apr24,Swimming,https://swimcup.ru/
Sprint Апрель 2024,2024-04-21,Раменское,-,50 и 100 все стили,-,https://reg.place/events/sprint-aprel-2024,Swimming,https://swimcup.ru/
Minutes Казань 2024,2024-05-11,Казань,-,"60 мин, 30 мин, 15 мин, 10 мин",-,https://reg.place/events/swimcup-minutes-kazan-2024,Swimming,https://swimcup.ru/
Indoor Казань 2024,2024-05-12,Казань,-,"1000м, 500м",-,https://reg.place/events/swimcup-indoor-kazan-2024,Swimming,https://swimcup.ru/
Крылатское 2024,2024-05-26,Гребной Канал Москва,-,"1000, 1852, 5000 м",-,https://reg.place/events/krylo-2024,Swimming,https://swimcup.ru/
Коренево 2024,2024-06-01,Московская обл.,-,"1000, 2000. 3000, 3x300",-,https://reg.place/events/korenevo-2024,Swimming,https://swimcup.ru/
Торбеево 2024,2024-06-08,Сергиев Посад,-,"1000, 2000, 4000 м",-,https://reg.place/events/torbeevo-2024,Swimming,https://swimcup.ru/
Б. Крылатский пруд 2024,2024-06-12,Москва,-,"500, 1000, 1500, 3х300",-,https://reg.place/events/bkp-2024,Swimming,https://swimcup.ru/
Озернинское 2024,2024-06-15,Руза,-,"1000, 2000, 5000, 10000 м",-,https://reg.place/events/ozerninskoe-2024,Swimming,https://swimcup.ru/
Белое Озеро 2024,2024-06-23,Москва,-,"800, 1500, 3000м",-,https://reg.place/events/beloe2024,Swimming,https://swimcup.ru/
Волга 2024,2024-06-29,Кинешма,-,"600, 1500, 5000 м",-,https://reg.place/events/volga-2024,Swimming,https://swimcup.ru/
Рубское 2024,2024-06-30,Ивановская обл,-,"1000, 1500, 3000, 5000, 3х300",-,https://reg.place/events/rubskoe-2024,Swimming,https://swimcup.ru/
Ветрено 2024,2024-07-06,Ярославская обл.,-,"12000, 24000 м",-,https://reg.place/events/vetreno-2024,Swimming,https://swimcup.ru/
Калязин 2024,2024-07-07,Калязин,-,"1000, 2500, 5000",-,https://reg.place/events/swimcup-kalyazin-2024,Swimming,https://swimcup.ru/
Кудыкина Гора 2024,2024-07-13,Липецкая обл.,-,"500, 1500, 3700, 5800, 9300 m",-,https://reg.place/events/swimcup-gora-2024,Swimming,https://swimcup.ru/
Онего 2024,2024-07-20,Петрозаводск,-,"1000, 2000, 3000, 5000, 10000 м",-,https://reg.place/events/swimcup-onego-2024,Swimming,https://swimcup.ru/
Великий Новгород 2024,2024-08-03,Великий Новгород,-,"900, 3000, 5500 м",-,https://reg.place/events/swimcup-velikij-novgorod-2024,Swimming,https://swimcup.ru/
Псков 2024,2024-08-10,Псков,-,"1700, 2500, 5000",-,https://reg.place/events/swimcup-pskov-2024,Swimming,https://swimcup.ru/
Пестовское 2024,2024-08-11,Пушкино МО,-,"1000, 2000, 5000м",-,https://reg.place/events/pestovskoe-2024,Swimming,https://swimcup.ru/
Сахалин Тунайча 2024,2024-08-25,Сахалин,-,"1000, 2000, 4000",-,https://reg.place/events/swimcup-sahalin-tunajcha-2024,Swimming,https://swimcup.ru/
Minutes Сахалин 2024,2024-08-28,Сахалин,-,"60 мин, 30 мин, 15 мин, 10 мин",-,https://reg.place/events/swimcup-minutes-sahalin-2024,Swimming,https://swimcup.ru/
Сахалин Анива 2024,2024-08-31,Сахалин,-,"2000, 4000, 16000",-,https://reg.place/events/swimcup-sahalin-aniva-2024,Swimming,https://swimcup.ru/
Руза 2024,2024-08-31,Руза,-,"1000, 1852, 5000, 10000 м",-,https://reg.place/events/swimcup-ruza-2024,Swimming,https://swimcup.ru/
Москва 2024,2024-09-07,Крылатское,-,"500, 1000, 2000",-,https://reg.place/events/swimcup-moskva-2024,Swimming,https://swimcup.ru/
Сулак 2024,2024-09-14,Сулак,-,3000,-,https://reg.place/events/swimcup-sulak-2024,Swimming,https://swimcup.ru/
Сочи Финал 2024,2024-10-05,Сочи,-,"1000, 2300, 5000",-,Registration not open,Swimming,https://swimcup.ru/
X-WATERS Moscow Istra 2024,2024-06-15,Загородный клубРОМАНТИК,-,"500 м, 1 км, 2 км, 6 кмэстафета 3х1 км, X-KIDS 50 м, X-KIDS 200 м",-,https://x-waters.com/events/moscow/,Swimming,https://x-waters.com/
X-WATERS Murom 2024,2024-06-22,"р. Ока,г. Муром",-,":1 миля, 5 км, 10 км",-,https://x-waters.com/events/murom/,Swimming,https://x-waters.com/
X-WATERS Ufa 2024,2024-06-30,Уфарека Белая,-,": 2 км, 3,5 км, 5 км,эстафеты 5+5 км, 10 км, 20 км",-,https://x-waters.com/events/ufa/,Swimming,https://x-waters.com/
X-WATERS Seliger 2024,2024-07-06,"оз. Селигер,г. Осташков",-,"500 м, 1 км, 1 миля, 2х1 км,3 км, 5 км, 11 км, Детские старты",-,https://x-waters.com/events/seliger/,Swimming,https://x-waters.com/
X-WATERS Yenisei 2024,2024-07-13,"р. Енисей, Дудинка,Норильск, Красноярский край",-,":5 км, 500 м, 100 м",-,https://x-waters.com/events/yenisei/,Swimming,https://x-waters.com/
X-WATERS Ural 2024,2024-07-13,"Озеро Тургояк,г. Миасс",-,"1 км, 1 миля, 5 км, 10 км, 21км,эстафеты 5+5 км, 3×1 км",-,https://x-waters.com/events/ural/,Swimming,https://x-waters.com/
X-WATERS Ugra 2024,2024-07-19,"р. Иртыш - р. Обь,Ханты-Мансийск",-,"2 км, 10 км, 25 км",-,https://x-waters.com/events/ugra/,Swimming,https://x-waters.com/
X-WATERS Volga 2024,2024-07-26,"р. Волга,Нижний Новгород",-,"1, 2, 3, 5 км",-,https://x-waters.com/events/volga/,Swimming,https://x-waters.com/
X-WATERS Kazakhstan 2024,2024-08-04,"Озеро Боровое,п. Бурабай",-,"1 км, эстафета 3х500 м, 4 км,8 км, детский заплыв X-KIDS 500 м",-,https://x-waters.com/events/kazakhstan/,Swimming,https://x-waters.com/
X-WATERS Imandra 2024,2024-08-10,"оз. Имандра,Мончегорск",-,":1 км, 2,5 км, 10 км",-,https://x-waters.com/events/imandra/,Swimming,https://x-waters.com/
X-WATERS Moscow Ruza 2024,2024-08-17,"Рузское водохранилище,Санаторий “Русь”, Руза",-,"1 км, эстафета 2х1 км, 3 км,5 км, детские заплывы X-KIDS",-,https://x-waters.com/events/moscow-ruza/,Swimming,https://x-waters.com/
X-WATERS Samara 181,2024-08-14,"Самарская Лука,Самара, Россия",-,"181 км эстафета 4-6 участников,эстафета 2 участника и сольное участие",-,https://x-waters.com/events/samara/,Swimming,https://x-waters.com/
X-WATERS Saint Petersburg 2024,2024-08-23,Санкт-ПетербургЕлагин остров,-,": Остров (5 км),1 миля, 900 м.",-,https://x-waters.com/events/saint-petersburg2024/,Swimming,https://x-waters.com/
X-WATERS Vladivostok 2024,2024-09-14,"Владивосток, о-в РусскийБосфор Восточный",-,"10 км, 5 км, 2000 м, 1200 м,Детские старты, Обними Россию",-,https://x-waters.com/events/vladivostok/,Swimming,https://x-waters.com/
X-WATERS Kaliningrad 2024,2024-09-15,"Синявинское озеро, Янтарный,Калининградская область",-,"1 км, 3 км, 5 км",-,https://x-waters.com/events/kaliningrad/,Swimming,https://x-waters.com/
X-WATERS Nuclear 2024,2024-09-27,"Смоленская обл.,г. Десногорск",-,"дистанции 1 км, 1 миля,3 км, 5 км, 10 км, X-KIDS 200 м",-,https://x-waters.com/events/nuclear/,Swimming,https://x-waters.com/
X-WATERS Slovenia 2024,2024-09-28,"озеро Блед,Словения",-,": 500 м, 1 миля, 5 км,эстафета 2х500 м, детский заплыв X-KIDS 50 м",-,https://x-waters.com/events/slovenia/,Swimming,https://x-waters.com/
X-WATERS Arctic 2025,2025-08-09,пос. ТериберкаМурманская обл.,-,":1 км, 1 арктическая миля",-,https://x-waters.com/events/x-waters-arctic/,Swimming,https://x-waters.com/
